Trends,
Liverpool,
#WATLIV,
#Evergreen,
Lovren,
Sarr,
#Zonke,
Arsene Wenger,
#ANightWithSjavaDurban,
#Mnakwetu,
peter drury,
Bidvest Wits,
wtf dumisani,
Akpeyi,
Al Ahly,
Abuyile Amakhosi,
mhango,
Moleko,
klaasen,
Ultra,
Jamnandas,
Bournemouth,
Lorch,
Katsande,
Up The Bucs,
MAN OF THE MATCH,
Dube,
Memela,
Forever Young,
Baccus,
Henderson,
atletico,
Frosler,
Sharks,
Miller,
#OnceAlways,
#QueenSonoNetflix,
#cafcl,
#LeapYear,
#EFFEskomMarch,
#bouche,
#LocoNetwork,
#IykeresaWeddingDay,
#REDvSHA,
#Lasizwe,
#TeamSimphiwe,
#STOvBLU,
#ReaTsotellaSaturday,
#LeapDay2020,
#superrugby,
#Derby,
Watford,
#YNWA,
#Invincibles,
#SowetoDerby,
Arsenal,
Vicarage Road,
#AbsaPrem,
#Khosi4Life,
#Amakhosi4Life,
Pirates,
Mbuso,
Queen Sono,
#KhosiNation,
#upthebucs,
Manyama,
FNB Stadium,
Khune,
Corona,
#SundayThoughts,
#AlwaysRising,
#SAvPAK,
#Genesis,
Egypt,
#CoronaVirusUpdate,
#mamazala,
#UltraSA2020,
Sjava,
Blessed Sunday,
Happy New Month,
#TheSacredSpace,
#LeapDay,
#T20WorldCup,
Tower,
Chicago Freestyle,
BIRTHDAY MONTH,
#ThinkBIGSundayWithMarsha,
#KaizerChiefs,
#ssdiski,
Lady Zamar,
#SundayFeels,
Song Cry,
Debonairs,
The SON,
Drake,
#Tshwanefontein,
#ElClasico,
Oprah,
#ProteasWomen,
Sampha,
#Hostex2020,
#UltraSA,
#Asidlali,
#rouge,
The Mom,
Orania,
#Ultra2020,
#SoulfulSunday,
#modc,
Sibusiso,
Swallows,
El Clássico,
New Month,
#DreamRehab,
#GladAfricaChampionship,
#HappyNewMonth,
#VodacomNXTLVL,
Natasha,
#EVEMUN,
Eagles,
#SundayMotivation,
Bruno Fernandes,
Pickford,
#KINvCON,
Lindelof,
Black Leopards,
Steers,
#Mbuso,
#VCPoloSeries,
#DeepInTheCity,
#LIOvWAR,
De Gea,
#selectivestyles,
Everton,
#AmazingVoicesAfrica,
Wolves,
Dean Henderson,
Interested,
Bailly,
Ighalo,
Moja,
#CoronaVirusSA,
#DateMyFamily,
#TOTWOL,
VARchester United,
Maguire,
Richarlison,
Aston Villa,
Sigurdsson,
Romero,
polokwane city,
Goodison Park,
Top 4,
#CarabaoCupFinal,
#SSFanbase,
#2YearsIntoHopeWorld,
#oldmutualamazingvoices,
#SundayFunday,
#OurPerfectWedding,
John Stones,
Villa,
Foden,
simphiwe,
Wembley,
Ancelotti,
Leopards,
#opwmzansi,
#CarteBlanche,
#CarabaoCup,
#OmenMzansi,
Sonto,
Obiebi,
Makoti,
#Amafiles,
Micherry,
Financial,
Linda Mtoba,
#AVLMCI,
#LASevens,
#powerexperience,
#HopeWorldForever,
#BestMusicVideo,
Vinicius,
De Jong,
Jordi Alba,
Vidal,
Isco,
Bernabéu,
Phil Foden,
#Blitzboks,
#TachaOverEverything,
#HalaMadrid,
Barça,
Ter Stegen,
Mariano,
marcelo,
Casemiro,
Valverde,
Benzema,
Rakitic,
#DateMyFamilly,
#ManCity,
Zidane,
Piqué,
#RealMadrid,
Griezmann,
Ansu,
Busquets,
Semedo,
Barcelona,
Kroos,
Setién,
los blancos,
Alba,
#LaLiga,
Real Madrid,
#RMABAR,
Messi,
#TheMorningFlava,
#MondayMotivation,
#POWERBreakfast,
Fiji,
#PowerUp,
#OnTheGoBreakfast,
#KeaJobSeeker,
#SiyasFlava,
Nokuthula,
Africa,
China,
#TopsAtSpar,
#SavannaJean,
#YouGlowDifferentWhen,
#AskAMan,
Lime,
Laíla,
#WhyMenAvoidTherapy,
#KrunchWithKhutso,
#PowerTalk,
#AutoCentral,
#YMornings,
Marc,
Slice,
Ace Magashule,
Arcadia,
#Nokuthula,
#pretoria,
#BeAKing,
#budxultra,
#KayaMiddayJoy,
#RHOA,
#OmotosoTrial,
#MotivationMonday,
Unathi,
#POWERLunch,
#SAMusicCarnival20,
#UsoSkinGlow,
#boity,
Lance James,
Judge Judy,
Hollywoodbets,
Lindiwe Sisulu,
#YourNextCouldNever,
#MondayThoughts,
#TimothyOmotoso,
#MondayMorning,
#JustDrive,
Speedy,
#947Joburg,
#Umphakathi,
#POWERDrive,
Centane,
#FreshOn947,
#JobAdviceSA,
#S20Unlocked,
#RugbyThatRocks,
C-section,
Herman Mashaba,
#LiveFullBloom,
#ReactionMonday,
#CuttingEdge,
Carpo,
Medical,
#etvscandal,
#Isidingo,
Mokgadi,
#coronaoutbreak,
#ARMYSelcaDay,
#ABoltYear,
#MondayMood,
#Isibaya,
#DiskiSimplified,
#generationsthelegacy,
#GrassrootsMzansi,
#ReaTsotellaMonday,
#TheQueenMzanzi,
Ngwenya,
Nomzamo,
Jola,
#Homeground,
#ARSD,
#FACup,
Mike Dean,
Zitha,
#YourViewOn405,
#nokthula,
#VarsityCup,
Juma,
Pablo Mari,
#BTSWORLDDOMINATION,
Congratulations Sizwe,
Kylie,
#PORARS,
Portsmouth,
#EmiratesFACup,
Lift,
#ON4onHot100,
#TuesdayThoughts,
Thandeka,
M1 North,
#HappyBirthdayCIC,
Happy Anniversary,
#JMPD,
#PhatJoeAndTheFamily,
#wesbank,
#supertuesday2020,
#NAAMSA,
Chippa United,
#MorningFlava,
Zaza,
#CarsAwards,
#WorldWildlifeDay,
#JuliusMalema,
#ChooseDay,
Mashaba,
#COVID19,
#ItsAllGood,
Dior,
Son of the Soil,
#BDFocus4,
#TheBridge,
#ITWebBI2020,
#Sjava,
#twosday,
#GalaxyS20,
#Recession,
Anonza,
Specman and Hendricks,
Norman Mapeza,
Chippa,
Mokone,
Biden,
#RedFlagsLoveIgnores,
#GalaxyA,
#TravelTuesday,
#WomenTellAll,
Manual,
lwazi,
Performance Car,
Mapeza,
#huaweiy7p,
#StatsSA,
#TuesdayMorning,
#growinggautengtogether,
Fighters,
#worldhearingday2020,
RSVP'd,
SHOCK,
Stats SA,
Innocent,
#TuesdayMotivation,
#Economy,
#fnbfls,
#socialmediaandelections,
#Centane,
#ItMayBeRoughNowBut,
New Dawn,
#Ramaphosa,
#MeAndMyMom,
Sportingbet,
Forbes,
#CirocYourWorld,
#CirocxCassperBottle,
#banvzim,
#TheGlenzitoSuperDrive,
#Zuma,
Mind,
#CHELIV,
#SuperTuesday,
#SANEF,
#tropika,
#WWD2020,
#NyanNyan,
#KnuckleCityFilm,
Ponds,
Solange,
world wildlife day,
#Mnakwethu,
Common,
Rhodes,
Ramaphosa,
#UthandoNoxolo,
Billy Gilmour,
Rooibos,
Sonnyboy,
Mabuza,
Hubbly,
Zuma,
#ForBetterorWorse,
#POWERPerspective,
#Checkpoint,
Adrián,
Barkley,
Origi,
Fabinho,
Giroud,
Curtis Jones,
Minamino,
Lallana,
Kovacic,
Mseleku,
Kepa,
Jordan Henderson,
Mount,
Dark Mode,
Stamford Bridge,
#ElozonamAt34,
FA Cup,
Zahara,
#LadyZamar,
WhatsApp,
Chelsea,
#justice4lindo,
#WednesdayMotivation,
Klopp,
#whatsapp,
#PartyWithPH,
Elizabeth Warren,
#MoveToCapitec,
Lucky Star,
#SuperTuesdayResults,
#KhalilurRehmanQamar,
#SharedValueAfrica,
Daily Maverick,
#Zahara,
#DLInvasion,
#IWD2020,
#DavidTlaleXAvon,
Rhulani,
Sirino,
Sovo,
#KZNSOPA2020,
mpengesi,
Omotoso,
#Wits,
#JusticeForNgalonkulu,
Khoza,
Omuhle,
Loan,
Secunda,
#butistillateit,
#energyindaba,
#iparty,
Loaned,
Wits University,
#GPBudget2020,
#WitsProtest,
#CastleLiteUnlocks,
#SAvsAUS,
#BlackBusinessSummit2020,
#livemorewitholx,
Lungi Ngidi,
Iron Duke,
#RhodesWedding,
#SevensRugby,
#InternationalWomensDay,
#coronvirus,
#wednesdaythoughts,
#WorldVentures,
Ngidi,
AmaKipKip,
rhodes university,
#mbali,
#KZNsopa,
#WednesdayWisdom,
Drogba,
Smuts,
Finch,
#BlackSwan,
Starc,
Quinny,
Aussies,
Johnny,
#EnockMpianzi,
#ChaseYourDreamSA,
Michael Bloomberg,
council,
The Proteas,
#KickItWithNCT127,
#947mixat6,
Malan,
Henry,
#SAvAUS,
MOTM,
Qaphela,
Steve Mabona,
San Andreas,
ipps,
#DinnerDateSA,
#RUMarried,
#KickItMV,
#BoityBET,
Mazwi,
Janneman,
De Kock,
Cricket,
Lesufi,
Kane,
#prodigalson,
#Khumbulekhaya,
#ProteaFire,
Janneman Malan,
parktown boys,
Batmobile,
Gracious,
Mpiyakhe,
Freehold,
#AskKlateAt10,
#OwnYourThroneBET,
#Lithapo,
Sheffield Wednesday,
Malcom,
#proteas,
#TOTNOR,
Tim Krul,
Norwich,
#COYS,
Sheffield,
Gabrielle Union,
#TheBatman,
Dier,
#BoityOwnYourThrone,
Eric Dier,
#CoronaAlert,
Pearl Thusi,
Mbali,
Bernie,
#ThursdayThoughts,
#RIPTwitter,
#EnochMpianzi,
Enock Mpianzi,
#ThursdayMotivation,
#TshwaneCouncil,
shakes,
Katy Perry,
Parktown Boys High,
City of Tshwane,
#AfricaMeansBusiness,
#StandardBankSMESummit,
Stratcom,
#PearlThusi,
#loveisblindReunion,
#MostInnovativeCompanies,
#ZolileKhumalo,
#WorldBookDay,
#ParktownBoys,
#SAhasSpoken,
Ronaldinho,
#BBCSummit,
#UFHshutdown,
Choice Awards,
Stories,
Edit,
#TheShakedown,
#thursdayvibes,
#T20WorldCup2020,
#AUSvSA,
Sho Madjozi,
#nsfas,
#BlackBusinessSummit,
#asknomantu,
#BBCSummmit2020,
italy,
Hlompho Kekana,
NICD,
Health Department,
Minister of Health,
Paraguay,
#thursdaymorning,
where in kzn,
health minister zweli mkhize,
Miss Coco V,
Airport,
king shaka,
Italians,
dstv mzansi viewers,
Gwen,
Tshwane,
#ICCWomensT20WorldCup2020,
#LeaveTwitterForTacha,
coco v,
COVID-19,
Cory,
1st of March,
Dr Mkhize,
Burger King,
Department of Health,
quarantine,
SA Government,
MTEF,
Trillian,
#TheWayNgingakhona,
Southy,
Hilton,
Stoney,
Listeriosis,
Masks,
Coronavirus in South Africa,
First Thursdays,
Hlompho,
#PitMad,
OR Tambo,
Zweli Mkhize,
Durban July,
Coreezy,
Swine Flu,
Coronavirus in SA,
KwaZulu-Natal,
UCL Final in Istanbul,
#TheRona,
nolo,
Polony,
Panic,
Dettol,
the coronavirus,
#laysunited11,
#RhythmCity,
#SharkAttack,
#DOLvLIO,
#KwaMamMkhize,
The Rona,
#TheBachelorSA,
#StillBreathingSA,
#90dayfiancebeforethe90days,
Candice,
Addington,
Mask,
Drunk in Bali,
Prevention,
Durban,
Breaking News,
#90DayFiance,
#LocoNetworkSendMeCashFor,
Rooney,
Lingard,
Mazaza,
South Ahh,
lolz,
iCorona,
o.r tambo,
Ebola,
#OneDayLeader8,
#CoronaVirusChallenge,
#DERMUN,
Luke Shaw,
Wayne Rooney,
Nelly M,
Made in China,
South Africans,
#CoronavirusSafety,
#chilombo,
martial,
#DonaldBlackLove,
#CoronavirusOutbreak,
Wazza,
#ManUtd,
#KwaMamkhize,
corona virus,
South Ah,
Mzansi,
#CoronavirusInSA,
shaw,
Jesse Lingard,
#DerbyVsManUtd,
#FridayMotivation,
#FridayFeeling,
#COVIDー19,
Corey,
"cory",
SANDF,
Jhene,
#GoodFridayOnKaya,
#samsungs20,
#LWS2020KZN,
#ExpressoShow,
Takealot,
#SPIEadventures,
#RebuildSouthAfrica,
#PlatinumFridays,
#CRUvRED,
#Morena,
#DHSIndaba,
#GreysAnatomy,
Khloe,
Soldiers,
Friyay,
Boiled,
#DMGathering2020,
#EachforEqual,
#LAUVxBTS,
#scalingup2020,
#mtnjoyous24,
Souled Out,
Thuma Mina,
#LocoNetworkFundMyProject,
#FridayLituations,
#SUGA,
#DOKZN,
Born Tired,
Phat Joe,
All Star,
Izzy,
Wuhan,
#ghanaindependence,
#WARvCHI,
#TwentyFour,
#BacardiHolidayClub,
#Friyay,
#weekend,
#fridayvibes,
#GalaxyS20Ultra,
Agent OOK,
Rolex,
De Ruyter,
Radio 2000,
Jhené Aiko,
Duduzane Zuma,
#netflorist,
#GreysAnatomy16,
#FridayThoughts,
#CTCycleTour2020,
Nicholas Ninow,
#StudentSurvivalGuide,
#kosmos3in1,
#GenerationEquality,
#YoTV25,
Just Ice,
#coronachallenge,
#wuhan,
#SingleAndMingle,
Eternal Atake,
#DuduzaneZuma,
Baby Pluto,
#xostripperbowl,
#Phatjoe,
#s20isplenty,
Tsotsi,
Harry Gwala Stadium,
Bacardi,
#ScandalEtv,
#KeaFridayConfession,
64 GB,
Menzi Ngubane,
#HitRefresh,
Maritzburg United,
Eric Tinkler,
South Africa,
#WeAreUnited,
Zamalek,
Judas,
#totalcafcl,
#sbwl,
Orange Farm,
#ETERNALATAKE,
#UltimateLoveNg,
App Gallery,
LeBron James,
#SaturdayThoughts,
hlaudi,
48 MP,
Giannis,
#LakeShow,
Bucks,
MATCH DAY,
Kamo Mphela,
#HURvBLU,
Kamo,
Clippers,
Happy Sabbath,
#POWERWeekendBreakfast,
#Kaboyellow,
#SocialMediaMasterClass,
#PlayaGoalRush,
Lebron,
#REBvLIO,
#Lakers,
#HuaweiAppGallery,
#Sundowns,
Nompempe,
Lakers,
Whistle,
#TROVESummerBootcamp,
#DJSbu,
#satRdayJoburg,
#ItsMassive,
#SaturdayMorning,
#HUAWEInova5T,
labuschagne,
Where in Gauteng,
David Miller,
the 39,
rebels,
Poes Wayne,
#slayfestivaljoburg,
#LIVBOU,
Gauteng,
Maboe,
Batman,
Kock,
#slayfestival,
#TachaSaveNigeria,
James Milner,
#SHAvJAG,
Lucas Moripe Stadium,
Auba,
kyle verreynne,
Gomez,
The Sharks,
Atleti,
Firmino,
Langerman,
JJ Smuts,
Kiernan,
#HuaweiKDay,
#BULvHIG,
#ARSWHU,
Milner,
Sokratis,
Jaguares,
Avery,
Charlotte Maxeke,
#covid19SA,
heinrich klaasen,
Arrows,
Aubameyang,
CAF Champions League,
#SSRugby,
#AbsaPremiership,
#Gauteng,
#AlAhly,
West Ham,
Billiat,
Mai Mai,
Moja Love,
#ENGvWAL,
#Downslive,
#MoreScreenTimeForJelo,
Agay,
Highlanders,
Full Time,
Arteta,
ahly,
Makaringe,
Pitso,
#ujallres2020,
#BURTOT,
Amazulu,
Parker,
Castro,
Maluleka,
Maduna,
Cardoso,
Penalty,
Kambole,
uSuthu,
Martinelli,
Dare,
#COYG,
Mazinyo,
Midderndorp,
Ayanda Dlamini,
Nurkovic,
Ntshangase,
Ndombele,
Bulls,
#Arsenal,
Ntuli,
CAFCL,
#Coronavirussouthafrica,
Mathoho,
#AskJhene,
#UFC248,
Chiefs,
#MeAndMyPops,
Sunday Twitter,
Joanna,
Medium,
#Ladyzama,
Zhang,
Native American,
Cass,
#AUSvIND,
#cornoravirus,
#BrutalFruitSpritzer,
Pillay,
malawian,
Pabi,
#COVID2019,
#MUNMCI,
#HappyWomensDay2020,
Naledi,
forgiveness,
Revenge,
Sarah Langa,
Yoel,
Israel Adesanya,
#ManchesterDerby,
Mega,
covid-19 in south africa,
For Immediate Release,
Taxify,
Adesanya,
#WomensDay2020,
#pitorirewindz,
#capetowncycletour,
Grays,
BHOVA,
Pravin Gordhan,
#WomenEmpowerment,
#adesanyavsromero,
#NoExcuse,
#CHEEVE,
Athlone Stadium,
#T20WorldCupFinal,
Gigaba,
Lynette,
#HappyBirthdayYoongi,
Merseyside,
Frank Lampard,
Aquarian,
chirwa,
De Bruyne,
#SCOvFRA,
#RespectTacha,
Dan James,
Min Yoongi,
Reece James,
Tsholo,
McTominay,
Zouma,
Libra,
Greenwood,
Bayern Munich,
Sterling,
Capricorn,
Nthabiseng,
#Chelsea,
#ShiningDayOfMinPD,
#KIERNAN,
Aguero,
Wan Bissaka,
Daniel James,
Mahrez,
Ederson,
Otamendi,
Mason Mount,
Michael Owen,
Matic,
#SugaOurBrightestStar,
#KKvLQ,
#MNUMCI,
#KTBFFH,
#SixNations,
#DerbyDay,
#SelfCavSundays,
united,
Man City,
Scott McTominay,
Stage 1,
Pep Guardiola,
old trafford,
thato,
Glory Glory,
Etihad,
Pastor Fred,
#OleOut,
#Vancouver7s,
#LQvsKK,
Uefa,
Red Devils,
Meriton,
Naledi Chirwa,
Leicester,
#JuveInter,
#MissMS2020,
#dmfmzansi,
McSauce,
Ramos,
Puma,
Crystal Palace,
Poch,
#Bolar,
#NalediChirwa,
#GainWithPTZA,
Manchester is Red,
Real Betis,
Dybala,
Adam Habib,
Paul George,
Fernandes,
#GGMU,
#JuventusInter,
#OleIn,
#SerieA,
Avery Bradley,
Rondo,
Ashley Young,
La Liga,
Juventus,
#Canada7s,
#SUGADAY,
Juve,
Man U,
Betis,
Kawhi,
#GeniusMinSUGA,
keith,
#mufc,
#WWEChamber,
#MondayMotivaton,
#Loadshedding,
Malusi Gigaba,
The Rand,
OPEC,
#Rand,
Sasol,
#BreakfastWithNala,
#oilprice,
#Insurtech2020,
#HowIKnowUbuntuIsDead,
Lerato,
Brand,
#sifikile,
#Keahustle,
#MMS2020,
#SomhaleUnion,
Porsche,
#Ballup3on3,
#FasterThan,
#KnowYourRange,
Alignment,
#Sandton,
Mcebo Dlamini,
#KenyaVsSouthAfrica,
Palesa,
Italy 10,
Vryburg,
#BlackWidow,
pumps,
Week,
Los Angeles,
Stage 2,
align,
#SkeemSaam,
BBQ Chicken,
Brand Alignment,
Members,
#FeesMustFall,
#Italy10,
meghan markle,
Beef,
#CartoonsThatShouldReturn,
#Lerato,
#BirthdayLifeMusicVideo,
Khama,
Maties,
Taniel,
#MceboDlamini,
Leeto,
Cleaning,
#leiavl,
Fees Must Fall,
#absapremizembe,
Vardy,
Leicester City,
Nairobi,
Grealish,
#OperationManifestation,
Barnes,
#SouthafricaVsKenya,
Kenyans,
which south africans,
phindile,
#ECRBreakfast,
Virgo,
#LoconetworkOnlineMobileMall,
Sandilands,
Supra,
Prize Giving,
ancyl,
Ladysmith,
eSwatini,
#ThankYouNamjoon,
#JusticeForVuyo,
#CR17,
#JusticeForSjava,
Public Protector,
Mkhwebane,
ConCourt,
Zola,
Robin Hood,
Swaziland,
#BetterTogether,
#DataMustFall,
#Italy,
The PP,
High Court,
Judges,
Judiciary,
Bosasa,
Constitutional Court,
Anxious,
Judgement,
#RamaphosavsPP,
#RIPVuyo,
#ThingsYouCanGetForR25,
Competition Commission,
Active,
Busi,
#BuildBridgesNotWalls,
#CelebrateAbortionProviders,
#JusticeForYamkela,
North Gauteng High Court,
ndpp,
judge matojane,
Viper,
Emfuleni,
Mlambo,
#whyweloveiykeresa,
#telkom,
#NicholasNinow,
Stage 4,
Koeberg,
Gardee,
Courts,
#Vodacom,
#DianeLipGlossXKuddyCosmetics,
#TotalTankup,
Zongo,
national assembly,
The Public Protector,
The Court,
#Phindile,
#Stage4,
Vodacom,
#dataprices,
#EskomLoadshedding,
Wimpy,
#MjaevoGalore,
Godrich,
parliament,
#CRvsPP,
#AmINext,
#Mkhwebane,
Monice,
knuckle city,
#CR17BankStatements,
#LQvPZ,
#LiveBetterTalks,
#SimplifyBanking,
#SAfmSportOn,
#CR17Campaign,
#PublicProtector,
Load,
Masibusane Zongo,
Eskom,
President,
Sengwayo,
Dr SEBI,
The Planner,
Nersa,
#RBLTOT,
Angelino,
Jose Mourinho,
Leipzig,
Valencia,
Tottenham Hotspur,
The Late Responder,
Carl,
#IsidingoFarewell,
spurs,
Tottenham,
atalanta,
Yamkela,
Mourinho,
#ChampionsLeague,
#THFC,
Lo Celso,
Werner,
RB Leipzig,
Winks,
#uefachampionsleague,
Cabinet,
arvs,
#Meleko,
Golden Highway,
Eldorado Park,
#TshwaneDebate,
JMPD,
#PlateOfTheNation,
#VerifiedMercyEke,
#WomenWillAfrica,
Western Cape,
#IsYourSexLifeOnBrand,
#Bac2020,
#4irdigitalskills,
#CESAIndaba2020,
Mr Price,
Nkanyezi,
Olympiacos,
#StateCaptureInquiry,
#NMBCouncil,
South Africa to 13,
#WesternCape,
#COJAGM,
Europe,
#TachaTridentNecklace,
#yamkela,
#MrPrice,
#DrSebi,
George Maluleka,
#BoyWithLuv,
#WednesdayVibes,
#TshwaneDissolution,
Lebese,
mido,
Bench,
Ngcobo,
highlands park,
#WomanCrushWednesday,
#HarveyWeinstein,
manyisa,
Kekana,
Congratulations Neo,
Jali,
#TECNOInSouthAfrica,
#TTNvCOB,
Harvey Weinstein,
Release,
World Health Organisation,
Zwane,
Mac Miller,
#LIVATL,
#MoffieFilm,
#TheBachelor,
Jabu,
#travelchatsa,
#pandemic,
#ReaTsotellaWednesday,
Madisha,
Keita,
Stellenbosch FC,
themba zwane,
Meza,
World Health Organization,
#jklive,
Anfield,
Diego Costa,
Gini,
Oblak,
João Félix,
Dortmund,
Simeone,
YNWA,
George Lebese,
The Ranch,
#psgdor,
Thomas Partey,
A. Saville,
Saúl,
You'll Never Walk Alone,
Moshe,
morata,
Diego Simeone,
Llorente,
Bobby,
Robertson,
Allison,
Haaland,
Neymar,
#LFCAtleti,
Van Dijk,
jürgen klopp,
Sundowns,
#psgbvb,
Karius,
Alisson,
InshAllah,
#Liverpool,
Champions League,
Athletico Madrid,
Félix,
Tom Hanks,
#COVID_19,
#CoronavirusPandemic,
maluleke,
Rudy Gobert,
The NBA,
#Limpopo,
Tonic,
Forrest Gump,
#LimpopoIsNotADumpingSite,
#TomHanks,
Reported,
Moria,
Limpopo,
#COVD19,
Masechaba,
#MelekoYaBatho,
Phophi,
Feelings,
#ECCSummit2020,
#WorldKidneyDay,
#INDvSA,
Bafana Bafana,
Matlaba,
Robben Island,
São Tomé,
where is the chinese,
Andile Jali,
Asanda,
Free State,
#CODVID19,
#YocoExchange,
Ntseki,
De Reuck,
Spokesperson,
Safa,
europe and asia,
Afcon,
#Bafana,
#UKZN,
Zungu,
Polokwane,
Mothiba,
Goss,
Kutumela,
Hlanti,
limps,
#Ladysmithshutdown,
#MonateKeMonateWhen,
Learners,
Ranch,
Province,
Bhelekazi,
#EveryoneCanCode,
#TimelessBeer,
The Ranch Hotel,
Shaved,
australian gp,
#SifikileChallenge,
#AusGP,
#ChampionMoment,
OUR PRESIDENT,
Robben,
#PICReport,
#popcornloversday,
Rudy,
Passed,
Quantum,
#thedarkkitchenjhb,
#FridayThe13th,
#Khune,
Bafana,
Lelo,
Amstel,
#AustralianGP,
#NigeriaMustObeyTacha,
#laskmun,
Silke,
Enhle,
Skhaleni,
#Moria,
#BachelorSA,
Pereira,
Mata,
Chong,
Sibiya,
The Simpsons,
#EuropaLeague,
#Ighalo,
#Lockdown,
Mason Greenwood,
Lincoln,
Mazet,
Lukaku,
Jay Electronica,
Mikel Arteta,
Friday the 13th,
#GoSong,
Callum Hudson-Odoi,
Don Toliver,
Jason,
Lesotho,
King Dalindyebo,
#AWrittenTestimony,
#LeadTheWay,
Premier League,
Tidal,
Hudson Odoi,
dan matjila,
#CHIvHUR,
#HeartbreakWeather,
#sihlukanisakwasani,
#coronavirusInkenya,
#MelekoOut,
My WhatsApp,
Suspend,
#ManLikeKachi,
#Molo,
#SweetNightOST,
jay z,
Callum,
bumbane great place,
#FlashbackFriday,
#FridayFeels,
#SweetNightByV_이태원클라쓰OST,
Papa G,
Old Mutual,
Abathembu,
king buyelekhaya dalindyebo,
Oats,
#IfItWasntForTheRonas,
#TrevorNoah,
#NewMusicFriday,
#NedbankCup2020,
#PremierLeague,
Happy Friday the 13th,
#SweetNightByTaehyung,
#SweetNightOutNow,
Stage 3,
3rd of April,
Great Place,
#WorkzoneTakeover,
#NothingCanStopTacha,
#KazangAfrica,
#DaredevilRun2020,
Jeff Radebe,
Scoop,
#Dalindyebo,
All Stars,
Ukhozi FM,
#JacobZuma,
#AddSomeFlavour,
#NedbankCup,
#Uyadliwa99,
#coronapocalypse,
Manando,
#Friday13th,
#KingDalindyebo,
Maps,
Masego,
#SupportSwallows,
MOVE ON,
Vivian,
JJ Tabane,
t for tense,
buccleuch,
#SoWhatImPregnant,
#ukhozifm,
Cape Town Jazz Festival,
Ntencane,
Zelda,
Lehasa,
SHAKE,
#LIOvDOL,
Cape Epic,
Two Oceans,
Friday the 13,
#therivermzansi,
#TheWeeKent,
#WBCDesignACup,
Happy New Year,
Buns,
Nedbank Cup,
Bolanle,
real kings,
Arnold,
#nomzamo,
Apology,
#BLUvLIO,
#CoronaVirusUpdates,
#elite3,
#MorningMade,
#TheWeekendFavour,
Blues,
Cyril,
Khaya,
#SUNvCRU,
#GalaxyS20Studio,
Condolences,
Grade 9,
Jigga,
#WonhoIsAlmostHome,
#REDvBUL,
#jjtabane,
Nganga,
Deepest,
#SaturdayMotivation,
#MAPS,
#Polokwane,
Super Rugby,
#SaturdayMood,
#SHAvSTO,
Aromat,
sharks vs stormers,
#DStvMVCA,
Curwin Bosch,
Karma,
#Arituwe,
#OurSharksForever,
Stormers,
#AMVCA7,
Mapimpi,
Automatic,
FW De Klerk,
Makhulong Stadium,
Baroka,
Top Gear,
#DeKlerk,
#MercyEkeShutsDownAMVCA,
#SingleFlames,
Thato Moeng,
Blue Mbombo,
Mrs Jones,
#MVCA,
#EFC84,
Minnie,
Steve Kekana,
Victory Lap,
Autotune,
Awards,
The River,
Thuli Phongolo,
Muvhango,
Hans Zimmer,
Makhadzi,
Rabie Ridge,
mohale,
Makhulong,
#TachaXAMVCA,
Warren Masemola,
King Monada,
Bonang,
Boity,
Joe Nina,
Matorokisi,
Congratulations Queen,
Ami Faku,
Yvonne,
Circle of Life,
madlabantu,
Makgalwa,
masepa,
Lasizwe,
Naija,
Lebo M,
Umlilo,
Rethabile,
#BForce,
Prince Kaybee,
Somizi,
Highlands,
Ntate Phalane,
Queen B,
DJ Zinhle,
Tshatha,
Owen Da Gama,
Our Queen,
Award,
#AMVCA2020,
Sindi Dlathu,
#UMLILO,
Joyous Celebration,
Kabza,
#DSTVMVCA2020,
#Makhadzi,
#MyTwitterAnniversary,
President Cyril Ramaphosa,
#LOCKSOUTHAFRICADOWN,
the fix,
mango,
Tomás,
#SundayMorning,
#cyrilramaphosa,
Rasta,
Two Oceans Marathon,
Zodwa,
Emergency,
Zozi,
#stayhome,
Thabo Mbeki,
SARB,
#tom2020,
Mr President,
#GKTurns7,
Economy,
kanyamazane stadium,
Monday and Tuesday,
Table Mountain,
Healing,
TS Sporting,
easter,
Pamphlets,
#HighRiskCovid19,
Yaya,
Schools,
Silili,
#lockDownSouthAfrica,
lion's head,
SABC 2,
Cupcake,
Donald Glover,
My Sunday,
Self Quarantine,
#GreatCoffee,
Wits,
Rupert,
Matamela,
Ramapostponer,
Bloemfontein Celtic,
Brothers,
Union Buildings,
Wealth,
Cereal,
On Friday,
#BlackCoffeeLuncheon,
TRAVEL BAN,
18th of March,
Carte Blanche,
Edward,
Gatherings of 100,
From Wednesday,
eNCA,
Universities,
Katlego,
AWOL,
Consulting,
Dimakatso,
Just Vibes,
Disrespectful,
Jackson Mthembu,
prez,
#ShutdownSA,
#sabc,
South Korea,
Elbow,
National Command Council,
from 51 to 61,
Human Rights Day,
Noord,
Varsities,
fellow south africans,
Reece Effect,
Msunu Wakho,
Fontein,
#SkhiphaAmafiles,
University,
Ulink,
Yuphi,
Pres Ramaphosa,
Musiq Soulchild,
Trains,
VISAS,
Churches,
onyx,
Taxi Ranks,
Habib,
JayKech,
#ScorpionKingsLive,
President Ramaphosa,
Ministers,
Psalm 91,
Braam,
bree,
Tests,
Lekganyane,
Ricky,
CLOSED,
Prohibited,
Quarantine and Chill,
Corporate SA,
Campus,
Times,
High Risk,
Mr Fix,
#elbowgreeting,
National State of Disaster,
Scorpion Kings,
Cyrils,
Did Cyril,
Avoid,
closing,
#President,
disaster management act,
#travelban,
No Moria,
Date My Family,
Maybe Cyril,
so cyril,
