media_title, guid, videoID
Mosaik Diaries,rrn:content:films:01f3604d-0233-57b4-b817-6cbd551d5436,MI201705170026
Against the Odds,rrn:content:films:0825a746-5930-539d-a1dd-d06a7d94ae18,MI201906250433
Listen to: Fritz Kalkbrenner,rrn:content:films:292a5daa-f4df-528b-8937-8551a132a0a6,MI201612060159
Back to the Bowl,rrn:content:films:3516a20b-bcc4-54c0-a7ff-b20af468379a,MI201606210070
Lo Sound Desert,rrn:content:films:41e22621-dc08-5082-aea3-6d370e9f9451,MI201604190031
Cerro Torre,rrn:content:films:4832e156-b64e-5a19-91ea-21b9f68769e7,MI201601300033
Let's Be Frank,rrn:content:films:585b00a4-2133-54f9-983e-1b5ac362713c,MI201506110049
Gaming the Real World,rrn:content:films:63f24ff5-fe8b-5ac0-b273-9df11a60b46f,MI201612200001
Wreck or Get Rekt,rrn:content:films:71bf1c30-d1fb-54b7-b2ab-1d6a665324f3,MI201601070556
North of Nightfall,rrn:content:films:7305d709-2ee4-544e-9a93-3a25a42a4ade,MI201702280261
Red Bull Symphonic,rrn:content:films:9bdb991d-db23-4e3c-96fc-f84bc07ab0b5,MI202002250356
BMX Nigeria,rrn:content:films:a856d2cf-bc8e-5ad2-8771-d1e08a523c1f,MI201808170144
„Streif: One Hell of a Ride“ – der Film!,rrn:content:films:b9d59588-0e6d-5885-bbfa-d8f422f8926a,MI201601140049
Wibmer’s Law,rrn:content:films:bb0c3499-a3d4-4a2d-be4e-9f3915cc91ef,MI201904010041
Age of Ondra Teil 3,rrn:content:episode-videos:01445816-5165-55a8-940d-b24758316bcf,MI201903250337
Danny MacAskills Magic Moments,rrn:content:episode-videos:0152c2b1-db34-5ed0-8240-f942f2adce7b,MI201510090015
Je mehr  desto besser,rrn:content:episode-videos:0191377d-3ec6-5e53-b7ab-4c41bacdfd4b,MI201510090021
Tapati Rapa Nui,rrn:content:episode-videos:0485d393-b2d7-5fd4-a115-7753dacbe092,MI201602260122
Unbreakables,rrn:content:episode-videos:04b1fa63-69dd-57c3-8a71-4e78fad4e6c8,MI201510090027
Kampf bei Land’s End,rrn:content:episode-videos:052a7ec0-b020-5878-b6a4-1c1b605641ed,MI201805300027
Bali Makeover,rrn:content:episode-videos:08160852-12c7-55d9-9c9e-e7797eb65c21,MI201601190193
„Freesurfing at Pipe ,rrn:content:episode-videos:083582c5-3109-5cf5-b66d-d1ace1c6fe7e,MI201601190145
Unrestricted,rrn:content:episode-videos:0a0350bc-13f7-5961-8d8e-5efc7038bc1a,MI201509160110
Kolumbien,rrn:content:episode-videos:0aca92df-0240-4638-8dbc-6a39320a0e5f,MI201901160113
The West,rrn:content:episode-videos:0c120861-cb1c-5d8e-b2c7-d0a04c501a00,MI201502100031
Klassischer Kult-Redux,rrn:content:episode-videos:0c35e3d3-4d83-54cb-aa88-eea8bbfe8341,MI201601220125
Skate Äthiopien,rrn:content:episode-videos:0c48c14a-a5da-4bd5-92cc-82dcb4e39901,MI201905150127
Unlimited,rrn:content:episode-videos:113b91d6-2765-5475-bbfd-1f0db25ad89d,MI201509160119
Valley of the moon,rrn:content:episode-videos:158358e1-7fca-5896-bf29-8148b76cf88b,MI201903250345
Magie im freien Fall,rrn:content:episode-videos:17c2259c-4dce-57c6-91d1-dc315b41c42a,MI201510090009
Crowdpleaser,rrn:content:episode-videos:1807ebcc-c0cf-518f-8b61-5ff340c6d03b,MI201510090062
Sewer Surfing with Poopies,rrn:content:episode-videos:1910e64c-0c32-5674-9f84-acde9ec7a914,MI201601200423
Keeping Up with Kai,rrn:content:episode-videos:19845e3a-637b-567c-b605-daf870a0c657,MI201601190194
Polar Eclipse,rrn:content:episode-videos:19925cfc-e661-5488-9b70-e06a6a0286fe,MI201611090215
Brazil's Waves 2018,rrn:content:episode-videos:1b0c065f-72ac-5437-a9bb-66a35dca9567,MI201803300304
Bizkaia: The making of Mundaka,rrn:content:episode-videos:1ca95ef1-1411-42e5-a32d-fc8ce6c6190a,MI201810310166
Snapper,rrn:content:episode-videos:1ced19ba-cbd6-5ada-bebb-98e0d8b5e8a3,MI201502100032
H2WOAH!,rrn:content:episode-videos:1e7968b8-a496-5aa5-9991-3ee001f91de7,MI201510090039
US Open of Surfing,rrn:content:episode-videos:1ed90c83-5d8a-5649-b318-12da7accce1f,MI201601190198
Surfing Jaws with Kai,rrn:content:episode-videos:2171ce66-1fea-5285-acfd-4208b7789a19,MI201601200419
Verrücktes Britannien,rrn:content:episode-videos:22dc0ba0-8443-5a16-86db-cc7f672c6f5f,MI201510090017
Gold Coast 2018,rrn:content:episode-videos:22f063a8-3789-5e57-a87c-edd8d9aa307d,MI201803200184
Haustier Projekte,rrn:content:episode-videos:26741ea5-73de-5aa0-8902-3c4b00556daa,MI201601220121
Das Labyrinth aus Kristall,rrn:content:episode-videos:26a326d7-b313-5586-a5da-c9523b7525e9,MI201509090189
Ein Schmerz im Nacken,rrn:content:episode-videos:27757ff5-38bc-5193-a6b0-f61ad31aee40,MI201805300021
Soft Top Surfing at JAWS,rrn:content:episode-videos:29afdb03-3cfb-5946-9c1d-829a2f884e74,MI201601200446
Neuseeland,rrn:content:episode-videos:2a81594b-8628-4720-9b79-4707b3e9959c,MI201901160112
The wildcard,rrn:content:episode-videos:2aea0a81-0a68-58e3-9b7b-0b253bb80067,MI201502100030
Ein Stich,rrn:content:episode-videos:2b9fdccd-042e-5621-8a25-0f9b5b8b1932,MI201805300023
Bali's Surf 2018,rrn:content:episode-videos:2bf5acda-b441-5e18-9b4e-f7ce2c630990,MI201803300314
Season Finale,rrn:content:episode-videos:2c76f3b9-204a-5c0e-bedc-e9f0d8b9ddda,MI201601200543
Schockbegegnung mit einem Hai,rrn:content:episode-videos:308f5403-6a3f-5c67-9573-b3efc52253b5,MI201805300043
Dunkle Zeiten,rrn:content:episode-videos:3843e460-0369-5148-9783-1e0c0fc4f338,MI201805300033
Maddos Magic Moments,rrn:content:episode-videos:38f10302-20b7-56b1-b725-68b419a3ce3b,MI201510090003
Weltrekordbrecher,rrn:content:episode-videos:3cd42345-0f08-5145-97f9-d93db361b26a,MI201805300039
Nicht zuhause nachmachen,rrn:content:episode-videos:3d7c1c07-0304-5950-9de7-adbe10bb71e8,MI201510090058
Olatu handiak: The Basque big wave way,rrn:content:episode-videos:3e7b9934-f612-48e0-8339-7113a9c5faf2,MI201810310168
Mission Antarctica Teil 1,rrn:content:episode-videos:3fa1e2df-12dd-485c-a5b9-1fd2bea10261,MI201903250350
Upstream Rider,rrn:content:episode-videos:42253dea-9c82-5757-bdba-63051bd67ba9,MI201604080065
Licht am Ende des Climbs,rrn:content:episode-videos:427409be-7e5b-5e24-81e1-51b9a188ddd4,MI201509090170
Big Island Adventures,rrn:content:episode-videos:43a3601b-01c3-5d64-9b51-1e0fb6923d63,MI201601190137
Age of Ondra Teil 1,rrn:content:episode-videos:44ae2aa7-053d-5ec7-a7b1-4ccd76905247,MI201903250189
Rough and tough,rrn:content:episode-videos:484d3a6b-318d-5de3-8d71-1936c812eb6e,MI201806280628
Ist das tatsächlich möglich?,rrn:content:episode-videos:4c5784cb-e49f-57d3-a84e-1c3bc14835bb,MI201805300017
The story behind Dead Cells,rrn:content:episode-videos:4c5f4e95-9916-544a-8a21-99b3fa9fb473,MI201808070140
Volcom Pipe Pro,rrn:content:episode-videos:4e1c81f5-2d0e-5b10-84cd-6f2d5d90f4d8,MI201601190188
Teahupo'o Tide 2018,rrn:content:episode-videos:4f5c1e88-8744-58b2-b9eb-2463b91ebaae,MI201803300334
Eulogy,rrn:content:episode-videos:4f8c0455-6a83-5740-b607-707111c16965,MI201805220380
The Invasion Continues,rrn:content:episode-videos:50a64391-399e-5586-8c61-6fc914573659,MI201601200537
Ein Sturm zieht auf,rrn:content:episode-videos:529ebbe7-1c0c-561a-ab92-5191149771fc,MI201808170190
The Aces,rrn:content:episode-videos:540e27be-65b5-5226-9f03-784ec18c1785,MI201811210326
Ab auf die Straße!,rrn:content:episode-videos:56235b44-5b64-5d77-944b-31516d148d6b,MI201510090041
Wer wagt es zu schwimmen,rrn:content:episode-videos:56dc464a-8783-51a6-a990-9c9d0346843a,MI201805300035
Flips 'n' Giggles,rrn:content:episode-videos:5940e839-8712-5d20-8cc3-86baf6628ec9,MI201510090037
Parties & Contests,rrn:content:episode-videos:5bbff9f1-48cc-5788-82f3-e9e70939cef1,MI201601190138
Finless Surfing,rrn:content:episode-videos:5f9821bc-00bc-55cf-b55f-bde3be691752,MI201601190183
Beaver Fleming,rrn:content:episode-videos:5fcb4e88-4386-42ba-af3e-aacef8c60934,MI201905150135
East Coast Invasion,rrn:content:episode-videos:6273f392-8fb3-599f-8d63-c414cb0e9b02,MI201601200533
The wanderer,rrn:content:episode-videos:66e98fc1-e7de-5c5f-bdb3-0f1083e2f843,MI201502100033
Pipeline Masters,rrn:content:episode-videos:698dcc20-b73d-550e-bfbd-50b513d0e6fe,MI201601190162
Unbesungene Helden,rrn:content:episode-videos:6b755481-820c-5647-a10a-1279c2bf83e0,MI201808170192
Almost normal,rrn:content:episode-videos:6c0cdb9b-f825-52b1-8015-fd5be3fb14d3,MI201502100034
Pipeline Tube Surfing,rrn:content:episode-videos:6cca50b7-ad6a-567d-b1c1-536c31763649,MI201601200426
Diving & Fishing in Indo,rrn:content:episode-videos:6daaf759-644c-5ae7-8b61-2be88a9ddb28,MI201601190184
Bergfieber,rrn:content:episode-videos:6e6d7079-dbf5-5a58-b20e-fadfcb3409e5,MI201510090025
Hawaiian Cabin Fever,rrn:content:episode-videos:6ec8ac49-ed4c-5822-88e4-7b68ec75463a,MI201601200520
Gotad Ad Kiangan,rrn:content:episode-videos:6fc81264-8e59-587c-a0da-d2cdfe29490b,MI201602260128
Boardmasters,rrn:content:episode-videos:70ef44cc-0428-5c7c-ac71-39397ed29b4f,MI201510090056
The ambassador of fun,rrn:content:episode-videos:729fca50-d6d7-5bb9-bfb8-0d709ae62513,MI201502100027
Barrels & Bull Riding,rrn:content:episode-videos:738f2513-fbac-55a0-bbac-50a50787c957,MI201601200526
Königlicher Fastnachtsfussball,rrn:content:episode-videos:73c9ce4e-ab2d-5b3e-b1f8-729267d35793,MI201602260116
Kampf mit den Inga-Schnellen,rrn:content:episode-videos:75212d3d-13dc-5263-899b-b8207730474e,MI201509090126
Up to speed,rrn:content:episode-videos:7781661d-71bf-5a32-a482-59081f6f9a9f,MI201903250128
Die  Angel Wings Experience ,rrn:content:episode-videos:77e5f011-523a-52e3-a687-46b85afa0822,MI201509090172
Aufgabe erledigt,rrn:content:episode-videos:78b657da-1e70-5897-83ae-94faf34456c3,MI201809280119
Wunder auf zwei Rädern,rrn:content:episode-videos:7bc50a93-d790-5698-8386-265bf4a2c970,MI201510090019
Gipuzkoa: The watermen of the Basque Country,rrn:content:episode-videos:7c854568-de92-46d9-8a1d-656a880e6822,MI201810310167
Backdoor Shootout,rrn:content:episode-videos:7cb8aea8-8804-5141-8827-6b258c1dbbdf,MI201601190178
Osaka Daggers,rrn:content:episode-videos:7d99d165-35be-47c8-b186-5629d2feb510,MI201905150108
Hot Spots,rrn:content:episode-videos:7dca05ea-4874-5552-a65f-292a4caba1cc,MI201510090031
Biggest crowdfunding campaign in gaming history,rrn:content:episode-videos:819e22d6-e1cd-5be2-8a47-2702e7f15bd1,MI201808070080
Dilemma des Träumers,rrn:content:episode-videos:821a4e11-cb46-5fce-ad08-42b230ca2fca,MI201601220119
Kinderspiel,rrn:content:episode-videos:82b3eaa8-3d9a-5578-b663-d795fd8f0195,MI201601220126
ABC of... Skateboarding,rrn:content:episode-videos:835b1138-ae1e-5028-9cad-43b6ebaf9167,MI201908120061
Ein Date mit einer Meerenge,rrn:content:episode-videos:8362fbac-8b2a-50c3-9d26-e329755a1c2a,MI201509090185
Ein veränderter Mann,rrn:content:episode-videos:880ea746-25bf-5d23-91b9-ab036232b60a,MI201805300037
From the shadows,rrn:content:episode-videos:8a4fd3df-ad1f-56d3-9109-b650d096b9de,MI201805220379
Das Messen mit der Königlichen Marine,rrn:content:episode-videos:8a561899-378b-54e8-8f6a-39e8d566e9b2,MI201805300025
Off the Rails,rrn:content:episode-videos:8c599cfe-a252-5745-9325-5ddacfe13733,MI201604080062
The other side,rrn:content:episode-videos:8e90786b-641a-5736-aa9d-b822b2a05c45,MI201502100029
Why the world fell in love with Monument Valley,rrn:content:episode-videos:8ec699b1-a5dc-598e-bc5e-d0681cff7cf1,MI201808070136
Neustart,rrn:content:episode-videos:8f67b201-cfef-5a4a-aec3-d1f114ec734e,MI201601220120
Dan Mancina,rrn:content:episode-videos:90907d4d-3ad7-41fd-afb1-79c34c0d87df,MI201905150110
Coachella,rrn:content:episode-videos:92866aa8-17cc-5f53-aa23-0df31f7314e3,MI201601190197
Was passiert danach?,rrn:content:episode-videos:94794d48-b1d9-55be-8fa2-f512a17f3e39,MI201809280115
Fit für den Zweck,rrn:content:episode-videos:9586e2aa-73f7-51c4-a5e0-8c5c038ea32b,MI201808170194
Nepal,rrn:content:episode-videos:969e80d6-8e70-4d4c-95ce-1f01a297f09f,MI201901160111
Big Wave Surfing,rrn:content:episode-videos:98347fd5-81fc-5638-b1c6-c0a08048820d,MI201601190175
Unloved,rrn:content:episode-videos:9b09019c-8e1d-5d30-b5ce-1dd73dfa9d11,MI201509160112
Human Dart,rrn:content:episode-videos:9cc93c00-91ea-57e0-ad65-8d147eab4a9f,MI201611140064
Die Rocky Mountain Traverse,rrn:content:episode-videos:9d34e329-cf54-5de0-bf65-68f1af14a3a9,MI201509090190
Shorebreaks & Tube Jumps,rrn:content:episode-videos:9f645ef0-7b72-5c98-9ce1-1a196aca8213,MI201601200471
Age of Ondra Teil 2,rrn:content:episode-videos:9fe22dba-e96e-5dbb-a26b-5c0a49f0591e,MI201903250194
Nichts ist unmöglich in Alaska,rrn:content:episode-videos:a0267353-85f3-5444-b36c-45c7f090702e,MI201509090187
Jeffreys Bay 2018,rrn:content:episode-videos:a1409853-9554-5aaa-ba7a-a3202e901f27,MI201803300324
White Water Woman,rrn:content:episode-videos:a180c277-71ba-5b44-8962-f86f941571cc,MI201604080050
Nur das Nötigste,rrn:content:episode-videos:a1c92532-2057-53a5-93e5-909ffbdc7453,MI201805300019
Making History,rrn:content:episode-videos:a2e0b668-e1bd-5bd7-92ba-5efc9c27d4ea,MI201808070125
Cascamorras,rrn:content:episode-videos:a2ea3657-b5b2-5cde-8dfe-cb9622209774,MI201509220013
Switch Stance Surfing,rrn:content:episode-videos:a32abe7f-1740-5ca9-a1c6-998a47de803d,MI201601190177
Sergio Yuppie,rrn:content:episode-videos:a3d231f9-4577-40f0-80ee-bc452d690683,MI201905150123
Das Abenteuer geht weiter: Neues Terrain,rrn:content:episode-videos:a426ac5e-4dca-4ced-a538-3fefb6fe456e,MI201903290340
Untouchable,rrn:content:episode-videos:a6b46138-c1e4-52e6-a708-ca3d78880000,MI201509160125
Vom Hotel zur Jurte,rrn:content:episode-videos:a6cb6272-0082-4739-81d1-3281b70a6a5f,MI201903290338
Mattress Surfing,rrn:content:episode-videos:a92394e8-4800-5931-9bf8-25c75c2fef24,MI201601200420
Der Schmerz ist echt,rrn:content:episode-videos:a9506c55-7112-5068-9413-b57d51ee6e9a,MI201805300031
Behind the scenes of Cuphead,rrn:content:episode-videos:a97530cb-3833-5592-bc89-833baec988e0,MI201808070066
Renaissance der Spielhalle,rrn:content:episode-videos:aa3695c1-a63f-5c42-97de-c03ed9957b34,MI201601220122
Bells Beach 2018,rrn:content:episode-videos:aaad8d14-2db4-50fc-bcb8-699b5329e2a9,MI201803300285
Margaret River 2018,rrn:content:episode-videos:abe09840-07f0-51ba-9c4b-f4560b7ceb9c,MI201803300294
Fiesta de la Tradición,rrn:content:episode-videos:ae33dc9d-d11d-554c-b6e8-372a9fc03060,MI201602260119
Mission Antarctica Teil 2,rrn:content:episode-videos:b1d90fdc-d53f-4e3f-96e7-a8ec933c6004,MI201903250355
Backdoor Board Transfer,rrn:content:episode-videos:b27f743b-ace8-55c4-ac42-c38b5674d454,MI201601190136
Viking Velocity,rrn:content:episode-videos:b2a7db3f-7773-59cf-869d-968c45acc02a,MI201604070006
Kenia,rrn:content:episode-videos:b46f6d4b-0160-4167-a0e3-1c3e78e97882,MI201901160108
Wheels on Water,rrn:content:episode-videos:b7a6151c-9bb3-596e-8605-9b0ecdda9927,MI201611140068
Hohe Wellen,rrn:content:episode-videos:b814eb97-e950-50dd-8453-da6f8cdb0336,MI201510090046
John O'Groats erreichen,rrn:content:episode-videos:b92c7ad2-a816-5e75-a08d-bcd90b78607b,MI201808170182
Flying Bikini Babes,rrn:content:episode-videos:b935c801-1fb9-5cc2-a0ba-84a980db40a8,MI201601200488
Auf nach Westen,rrn:content:episode-videos:b941f31b-880e-425c-96e7-0e00e22f625e,MI201903290339
Ecuador,rrn:content:episode-videos:bbbc2d1c-3040-483b-899c-ee062028dbf6,MI201901160110
Cape Town  the mother city,rrn:content:episode-videos:be5eaf0f-f64a-5a48-b43f-a64b275239dd,MI201806280627
Road Trip Across America,rrn:content:episode-videos:bebabb8a-d16c-5c38-b675-f39d7afb9c15,MI201601200430
Texas Wake Surfing,rrn:content:episode-videos:c2218464-e6a2-5bc6-8426-d85c0ea8ce62,MI201601200442
Soft Tops and Step Offs,rrn:content:episode-videos:c3243b27-383e-52ad-9658-cad32e76f1d7,MI201601200421
ABC of... Mountain Biking,rrn:content:episode-videos:c45e932d-d37b-5ba9-b23e-391d4ad233f6,MI201908120036
Pressure Drop,rrn:content:episode-videos:c54bdeb3-8641-575a-b3ed-d759f5827d7d,MI201611090202
Hawaii 2018,rrn:content:episode-videos:c65e5dfe-7cc7-517e-b2ed-870e12c41977,MI201803300354
Missionen mit Motor,rrn:content:episode-videos:c6e24be4-c01d-5cc7-919c-569a468e0fe5,MI201510090033
Das Erebus Enigma,rrn:content:episode-videos:ca7056f7-172c-5187-a246-b22afccbfd65,MI201509090192
Ride the Lightning,rrn:content:episode-videos:cac9cd8c-a976-5d28-ba4b-8b5fdc6a271d,MI201601200477
Salt of the earth,rrn:content:episode-videos:ce45dfba-057e-57fb-b572-a6656b3687ba,MI201806280629
Verbinden und spielen,rrn:content:episode-videos:cfa257bd-0152-505a-a458-b492dc962bf7,MI201601220123
Den Prozess fokussieren,rrn:content:episode-videos:cff4a9a7-e3df-596c-8578-80afab0ed27b,MI201808170188
Legacy: Peter Molyneux's newest game,rrn:content:episode-videos:d074437e-4b94-56d5-81a5-00aa54a1b8a4,MI201808070130
Die magischen Momente des Felix Baumgartner,rrn:content:episode-videos:d0984f24-b7cb-5829-be87-d2e3802b90fb,MI201510090011
Mensch vs. Natur,rrn:content:episode-videos:d1fe0f6b-741c-51a7-85c0-4cd19a566d89,MI201510090005
Go Fast or Go Home,rrn:content:episode-videos:d3171f0a-84ea-51c2-b534-7f946d4b01ab,MI201510090029
Die Fantastischen Vier,rrn:content:episode-videos:d31a55de-5b77-5d7f-a253-291cbf5ac2db,MI201809030018
Lesotho,rrn:content:episode-videos:d4beaa98-9a2f-48d5-9a6d-64d3c4a0ff43,MI201901160109
Castles in the sand,rrn:content:episode-videos:d62bc7c5-92cd-5e6d-81f2-517cf4d27695,MI201502100028
Unafraid,rrn:content:episode-videos:d898091f-4286-5b9c-a717-46ce154b6db0,MI201509160103
La Vida Loca,rrn:content:episode-videos:db13d588-287d-5606-8e60-434abce78fce,MI201510090060
Red Bull Racing goes Off-Track,rrn:content:episode-videos:df3cf3a1-9cfc-5e5e-a27a-ebfd43164faa,MI201510090001
Kampf gegen den Moray Firth,rrn:content:episode-videos:e27b0bfd-3965-5a92-b09e-ffe3604c12a8,MI201808170186
Unseen,rrn:content:episode-videos:e2e93f5b-384b-5c48-806f-a9014bb75bfb,MI201509160123
Ein Vermächtnis hinterlassen,rrn:content:episode-videos:e530aa9f-fc2d-5cd6-a965-f8722db62d9d,MI201809280117
Onbashira,rrn:content:episode-videos:e6b1ce90-075f-5c89-9a64-7a543119ba62,MI201602260125
Business im Schnee,rrn:content:episode-videos:e6ba12b7-677a-5857-b39f-a61e25b6246c,MI201510090048
Zeit der Entscheidung,rrn:content:episode-videos:e7669f23-4ae8-5ad5-8d29-093a1fe86bd3,MI201805300029
Perspectives,rrn:content:episode-videos:e7eedca4-7cb6-5d3a-aab3-617da8e346ce,MI201502100035
USA - United States of Awesome,rrn:content:episode-videos:e95e1a96-7296-5968-8d69-b4a0217809a6,MI201510090043
Die brutale Realität,rrn:content:episode-videos:ebd52fe9-7297-57b6-a842-7a0377ffd553,MI201805300041
Hacken der Realität,rrn:content:episode-videos:edae467a-7136-588a-9b9d-ab6c7c0981e0,MI201508190085
The Donkey Show,rrn:content:episode-videos:eee2a14b-c3a9-53c8-b7d0-78676a52024f,MI201601200530
France and Portugal 2018,rrn:content:episode-videos:efa67f58-2c2c-5bf4-8afd-ec8680b8baa9,MI201803300344
The outer realm,rrn:content:episode-videos:efea6c3b-2618-582a-996c-eef49ee36ae9,MI201805220381
Acht Bit Archäologe,rrn:content:episode-videos:f22e6fbc-d00f-546b-9a57-ddfd1c93bb4a,MI201601220124
Bam Margera,rrn:content:episode-videos:f61e61de-914f-4524-8780-e250bd9e165b,MI201905150150
Das war nicht nur Wasser,rrn:content:episode-videos:f7292cf9-9147-5b2a-8969-f62c05d6214b,MI201809280103
Harte Herausforderungen,rrn:content:episode-videos:f78bab7f-3b6d-55b1-bce3-808001d2c62d,MI201510090023
Unknown,rrn:content:episode-videos:f8280be9-08cb-5366-b798-b17ee7cfe8ae,MI201509160121
Surf  Snow & No Eyebrows,rrn:content:episode-videos:fbb62906-7e7f-5f01-8aff-4282906e882d,MI201601200437
Innersection Film Contest,rrn:content:episode-videos:fc302606-279b-5922-9c2f-5c01db3f9718,MI201601190154
SUP at Sunset,rrn:content:episode-videos:fca38a04-f1fa-57e6-b106-7495f0bd3883,MI201601190182
Winter on the North Shore,rrn:content:episode-videos:fd3dd11e-bcf0-535e-8268-e60dd7fed018,MI201601190180
Skate Tales,rrn:content:shows:0edaf652-3e34-426b-bec2-b0f9c3e793ce,vid id not found
Hotel Uzbekistan,rrn:content:shows:13d006ae-48cb-4d0a-96b5-8e1ea94c3e31,vid id not found
SCREENLAND,rrn:content:shows:23320484-41db-5828-877e-abc22c2d7aee,vid id not found
Worldies,rrn:content:shows:2343f05d-1e2c-5989-876d-e9c10dd13c0d,vid id not found
URBEX: Enter at Your Own Risk,rrn:content:shows:289991ca-5055-5dfb-8fc5-aceebbcfc2da,vid id not found
Made In,rrn:content:shows:2e0ab604-19e9-5649-9c7e-6c641e6eefb9,vid id not found
Ultimate Rush,rrn:content:shows:446aebc5-1acf-5757-98ea-b5e39c4b20a5,vid id not found
Explorers: Adventures of the Century,rrn:content:shows:5aa0395f-6fea-5c99-b046-40d5d5be5fe4,vid id not found
Rob Warner’s Wild Rides,rrn:content:shows:65f2c1ca-cb80-4454-89a0-a5349ac5b242,vid id not found
No Contest,rrn:content:shows:6b85baac-cb3c-5129-9171-d631618048bd,vid id not found
ABC of...,rrn:content:shows:6f25351b-f58a-5738-abee-3c43ecf4c5ac,vid id not found
Analog in Vienna,rrn:content:shows:7180abf0-7327-5a25-8f07-0e7ab5e71745,vid id not found
Ross Edgleys Great British Swim,rrn:content:shows:9065bd9c-b423-5517-87e6-8bc1889f03ad,vid id not found
Levels,rrn:content:shows:ce90ac7a-6cf2-500d-b4e9-ce0273fe80fe,vid id not found
„Archaic Festivals“: Alte Kultur in der neuen Welt,rrn:content:shows:d1dc6417-0f2a-5ce0-8413-68971362b03f,vid id not found
Who is JOB,rrn:content:shows:e2f809a2-b1c1-5ddf-b299-8207f5818716,vid id not found
Reel Rock,rrn:content:shows:eb17e649-80ed-53d9-8e33-f323efbd85ff,vid id not found
Cross-country season review,rrn:content:videos:1c76de42-3e62-4e25-b9df-c02e8fe7d795,MI201809200540
Running Reverse,rrn:content:videos:2a7cda6d-bab2-41d7-94af-6d78b850ea0e,MI201909040293
Dropping in on Dubai,rrn:content:videos:7221374f-5130-58fe-a7ef-e7ba88b8e8ec,MI201901180007
Jason Paul's arcade run,rrn:content:videos:732d76b4-e51d-5319-962e-9d0bee52511f,MI201601210119
The action from Fabio Wibmer's latest project,rrn:content:videos:7e03fad8-77d9-4146-b467-5fb321d6cc86,MI201906030156
Follow Fabio,rrn:content:videos:a7a24e6a-60a8-4674-9a08-d60085847078,MI201910210357
Last call for Mr Paul,rrn:content:videos:d34fcf6e-9ce0-5d36-b1ae-fc37b75d4636,MI201608250095
Downhill-Saison 2019 - Rückblick,rrn:content:videos:f7a55a1b-8fc4-4595-a60b-df1adaaf3f08,MI201809200539
The Soul Flyers,rrn:content:videos:fa6f6262-a07f-5f7d-957e-63b174747128,MI201711020082
Danny MacAskill - Wee Day Out,rrn:content:videos:e81aaedb-e5bd-4f46-8c30-61d98fc0a242,MI201605190130
UNFILTERED RIN,rrn:content:videos:539ccbef-c2f9-4a9a-a300-dd56e8793ed1,MI202001310084
UNFILTERED reezy,rrn:content:videos:58098242-5e9b-4c22-ba47-e8624629231b,MI201908280343
Slopestyle Recap - Innsbruck,rrn:content:recap-videos:021e7670-5eab-59d8-87bb-cf8b0ed4b005,MI201809200452
Leogang DH Highlights,rrn:content:recap-videos:1ecb5d8a-555a-5099-839b-7fc0c9b21654,MI201809200528
Albstadt XCO recap,rrn:content:recap-videos:3f820be0-e269-5fd6-94e3-28148e59ecad,MI201609160049
Slopestyle recap – Rotorua,rrn:content:recap-videos:5a35a2a1-7ddc-56d7-91e4-aecb141fda22,MI201809200451
Die Highlights aus Maribor,rrn:content:recap-videos:5c3b01ba-608b-5b3e-abb3-1cc9d55e8453,MI201809200409
Snowshoe DH Highlights,rrn:content:recap-videos:5f506cc8-74d1-422a-9d0c-7be9a6f46a34,MI201809200537
Val di Sole DH Highlights,rrn:content:recap-videos:629794c2-77b6-5265-9960-62033419a8b6,MI201809200533
Snowshoe XCO recap,rrn:content:recap-videos:83fb5089-802e-41d8-8bc2-8dc434f09597,MI201809200538
Val di Sole XCO recap,rrn:content:recap-videos:b210cc0a-497e-507e-916e-d3c5799a1202,MI201809200534
Les Gets DH highlights,rrn:content:recap-videos:baf7ba22-8616-5773-a6e6-ff21232e26f6,MI201809200531
Les Gets XC highlights,rrn:content:recap-videos:be63d280-e376-58c8-82f7-f9992ccdba37,MI201809200532
Nové Město XCO Recap,rrn:content:recap-videos:d98d467e-4892-5fa8-8d54-c0489af5a48c,MI201809200526
Yung Kafa & Kücük Efendi: Weit Weit Weg Tour,rrn:content:live-videos:c13e66c6-1fb5-402c-a231-8aab544a927e,MI202007130051
